utc,terrestrial,thunderstorm,cosmic
2023-05-23 06:00:00,68.0,4.2,7.25
2023-05-23 06:00:20,69.9,4.5,4.7
2023-05-23 06:00:40,66.35,4.15,6.45
2023-05-23 06:01:00,69.8,4.25,5.65
2023-05-23 06:01:20,67.05,3.05,6.3
2023-05-23 06:01:40,71.25,3.9,6.4
2023-05-23 06:02:00,70.45,4.35,5.45
2023-05-23 06:02:20,65.55,5.0,6.3
2023-05-23 06:02:40,73.1,4.0,5.6
2023-05-23 06:03:00,70.65,3.6,6.25
2023-05-23 06:03:20,69.65,3.3,5.55
2023-05-23 06:03:40,68.95,4.3,6.6
2023-05-23 06:04:00,70.8,3.3,6.2
2023-05-23 06:04:20,71.1,4.0,6.5
2023-05-23 06:04:40,70.8,4.2,5.45
2023-05-23 06:05:00,67.8,4.05,6.25
2023-05-23 06:05:20,74.05,3.25,6.05
2023-05-23 06:05:40,73.8,4.7,6.4
2023-05-23 06:06:00,72.55,3.65,6.2
2023-05-23 06:06:20,72.8,3.55,6.85
2023-05-23 06:06:40,72.15,4.4,5.7
2023-05-23 06:07:00,69.9,4.3,6.8
2023-05-23 06:07:20,71.75,3.55,5.6
2023-05-23 06:07:40,69.45,2.95,5.5
2023-05-23 06:08:00,68.75,3.55,5.25
2023-05-23 06:08:20,69.3,3.5,5.9
2023-05-23 06:08:40,70.0,3.75,7.4
2023-05-23 06:09:00,71.5,3.45,5.0
2023-05-23 06:09:20,71.05,4.25,5.9
2023-05-23 06:09:40,69.55,3.0,5.85
2023-05-23 06:10:00,71.05,4.65,5.95
2023-05-23 06:10:20,69.65,3.6,5.45
2023-05-23 06:10:40,68.2,4.35,5.8
2023-05-23 06:11:00,70.05,4.15,6.0
2023-05-23 06:11:20,68.8,3.85,6.2
2023-05-23 06:11:40,72.9,3.85,6.75
2023-05-23 06:12:00,69.7,3.8,6.1
2023-05-23 06:12:20,69.75,4.2,6.3
2023-05-23 06:12:40,72.9,3.4,6.2
2023-05-23 06:13:00,67.3,4.1,5.1
2023-05-23 06:13:20,67.3,4.05,5.55
2023-05-23 06:13:40,73.5,4.05,6.2
2023-05-23 06:14:00,69.25,3.45,6.35
2023-05-23 06:14:20,71.8,3.35,5.75
2023-05-23 06:14:40,71.5,4.55,5.55
2023-05-23 06:15:00,68.45,3.8,4.9
2023-05-23 06:15:20,68.1,4.15,4.8
2023-05-23 06:15:40,73.3,3.9,5.8
2023-05-23 06:16:00,70.8,3.3,6.15
2023-05-23 06:16:20,69.5,3.95,6.0
2023-05-23 06:16:40,71.55,4.25,6.95
2023-05-23 06:17:00,74.05,4.7,5.95
2023-05-23 06:17:20,70.35,4.45,6.15
2023-05-23 06:17:40,67.4,3.6,6.3
2023-05-23 06:18:00,70.15,4.0,6.75
2023-05-23 06:18:20,70.3,3.4,5.55
2023-05-23 06:18:40,67.25,3.2,6.3
2023-05-23 06:19:00,69.85,4.5,5.5
2023-05-23 06:19:20,71.0,3.45,6.2
2023-05-23 06:19:40,71.05,3.85,5.95
2023-05-23 06:20:00,69.35,4.15,5.4
2023-05-23 06:20:20,73.1,3.95,6.35
2023-05-23 06:20:40,71.2,4.55,6.45
2023-05-23 06:21:00,70.2,4.9,5.55
2023-05-23 06:21:20,72.0,3.85,6.15
2023-05-23 06:21:40,70.25,3.75,5.85
2023-05-23 06:22:00,70.8,4.3,6.8
2023-05-23 06:22:20,71.85,3.5,5.75
2023-05-23 06:22:40,72.5,4.35,5.0
2023-05-23 06:23:00,71.3,3.1,6.3
2023-05-23 06:23:20,69.45,3.8,6.3
2023-05-23 06:23:40,68.6,3.4,6.3
2023-05-23 06:24:00,68.8,4.4,5.3
2023-05-23 06:24:20,71.95,4.0,5.95
2023-05-23 06:24:40,70.6,4.85,6.3
2023-05-23 06:25:00,67.95,4.25,5.7
2023-05-23 06:25:20,71.85,3.95,6.65
2023-05-23 06:25:40,74.5,4.35,4.4
2023-05-23 06:26:00,71.3,3.55,6.0
2023-05-23 06:26:20,66.55,4.4,5.7
2023-05-23 06:26:40,71.0,4.25,5.5
2023-05-23 06:27:00,70.65,4.5,6.05
2023-05-23 06:27:20,72.55,4.15,5.15
2023-05-23 06:27:40,70.25,3.7,6.55
2023-05-23 06:28:00,67.55,3.95,5.45
2023-05-23 06:28:20,68.05,3.6,6.4
2023-05-23 06:28:40,69.9,3.55,6.45
2023-05-23 06:29:00,70.0,4.0,6.1
2023-05-23 06:29:20,72.1,3.85,5.65
2023-05-23 06:29:40,72.4,3.6,7.05
2023-05-23 06:30:00,71.2,3.9,6.4
2023-05-23 06:30:20,70.0,3.65,5.85
2023-05-23 06:30:40,68.4,3.95,5.45
2023-05-23 06:31:00,63.85,4.35,5.4
2023-05-23 06:31:20,67.35,3.2,6.15
2023-05-23 06:31:40,70.35,3.5,5.85
2023-05-23 06:32:00,68.1,4.7,5.9
2023-05-23 06:32:20,66.85,4.1,6.3
2023-05-23 06:32:40,73.15,3.95,5.65
2023-05-23 06:33:00,67.3,3.3,5.85
2023-05-23 06:33:20,71.25,3.65,5.0
2023-05-23 06:33:40,70.7,3.65,5.5
2023-05-23 06:34:00,71.85,3.8,5.7
2023-05-23 06:34:20,70.85,3.55,6.3
2023-05-23 06:34:40,71.15,3.7,6.35
2023-05-23 06:35:00,73.0,2.95,6.55
2023-05-23 06:35:20,70.0,3.95,5.4
2023-05-23 06:35:40,67.45,3.35,5.25
2023-05-23 06:36:00,67.15,3.9,6.75
2023-05-23 06:36:20,68.4,4.1,5.8
2023-05-23 06:36:40,69.15,3.0,6.75
2023-05-23 06:37:00,69.45,4.55,5.75
2023-05-23 06:37:20,67.25,4.95,5.8
2023-05-23 06:37:40,66.55,4.2,6.25
2023-05-23 06:38:00,66.15,3.6,5.4
2023-05-23 06:38:20,71.9,4.05,7.5
2023-05-23 06:38:40,70.7,4.55,6.25
2023-05-23 06:39:00,68.6,3.85,6.65
2023-05-23 06:39:20,70.1,4.05,6.4
2023-05-23 06:39:40,71.55,4.05,6.25
2023-05-23 06:40:00,73.55,3.75,5.75
2023-05-23 06:40:20,72.4,4.1,6.95
2023-05-23 06:40:40,70.75,3.75,5.9
2023-05-23 06:41:00,70.3,3.45,6.1
2023-05-23 06:41:20,70.3,4.8,6.1
2023-05-23 06:41:40,71.4,4.0,5.15
2023-05-23 06:42:00,71.35,4.35,6.3
2023-05-23 06:42:20,73.7,4.0,6.3
2023-05-23 06:42:40,73.85,3.25,5.65
2023-05-23 06:43:00,69.65,4.55,6.2
2023-05-23 06:43:20,72.65,4.65,6.0
2023-05-23 06:43:40,70.6,4.0,5.65
2023-05-23 06:44:00,71.0,4.15,5.4
2023-05-23 06:44:20,69.65,5.05,6.15
2023-05-23 06:44:40,75.4,3.95,6.9
2023-05-23 06:45:00,74.85,3.3,6.35
2023-05-23 06:45:20,70.85,3.35,5.55
2023-05-23 06:45:40,70.1,3.25,6.25
2023-05-23 06:46:00,70.15,3.75,5.7
2023-05-23 06:46:20,69.9,4.1,5.55
2023-05-23 06:46:40,72.7,3.25,5.6
2023-05-23 06:47:00,76.25,3.75,5.55
2023-05-23 06:47:20,71.95,4.4,6.1
2023-05-23 06:47:40,72.6,3.7,5.8
2023-05-23 06:48:00,76.3,3.7,5.3
2023-05-23 06:48:20,74.2,4.4,6.25
2023-05-23 06:48:40,73.45,3.95,5.7
2023-05-23 06:49:00,77.4,4.25,5.9
2023-05-23 06:49:20,77.45,3.5,5.0
2023-05-23 06:49:40,74.05,3.55,7.05
2023-05-23 06:50:00,77.2,3.6,6.0
2023-05-23 06:50:20,74.65,4.3,5.7
2023-05-23 06:50:40,73.3,3.9,7.2
2023-05-23 06:51:00,71.45,3.9,5.85
2023-05-23 06:51:20,75.5,3.55,5.7
2023-05-23 06:51:40,76.35,4.05,5.95
2023-05-23 06:52:00,75.7,3.8,6.2
2023-05-23 06:52:20,75.55,3.5,6.75
2023-05-23 06:52:40,77.1,3.9,6.15
2023-05-23 06:53:00,72.2,4.15,5.7
2023-05-23 06:53:20,71.85,3.45,6.35
2023-05-23 06:53:40,73.9,4.0,5.5
2023-05-23 06:54:00,74.6,3.6,6.0
2023-05-23 06:54:20,75.8,3.6,6.1
2023-05-23 06:54:40,78.45,3.85,6.25
2023-05-23 06:55:00,77.9,4.6,4.95
2023-05-23 06:55:20,75.75,3.4,7.0
2023-05-23 06:55:40,75.6,3.4,5.8
2023-05-23 06:56:00,76.8,4.65,6.25
2023-05-23 06:56:20,75.25,4.4,5.55
2023-05-23 06:56:40,75.1,4.1,5.35
2023-05-23 06:57:00,75.25,3.7,6.55
2023-05-23 06:57:20,80.2,3.95,6.6
2023-05-23 06:57:40,79.35,3.0,5.8
2023-05-23 06:58:00,76.9,4.1,5.55
2023-05-23 06:58:20,77.45,4.05,6.25
2023-05-23 06:58:40,79.25,4.35,6.25
2023-05-23 06:59:00,76.5,4.05,6.2
2023-05-23 06:59:20,77.95,3.75,6.3
2023-05-23 06:59:40,79.05,3.75,5.4
2023-05-23 07:00:00,74.8,4.1,5.45
2023-05-23 07:00:20,79.6,3.05,6.25
2023-05-23 07:00:40,79.65,4.5,6.45
2023-05-23 07:01:00,78.8,4.3,7.25
2023-05-23 07:01:20,77.05,4.4,5.0
2023-05-23 07:01:40,79.05,3.9,6.4
2023-05-23 07:02:00,78.4,4.0,6.05
2023-05-23 07:02:20,83.85,4.85,5.8
2023-05-23 07:02:40,79.95,5.0,6.5
2023-05-23 07:03:00,83.75,3.5,7.15
2023-05-23 07:03:20,83.0,4.85,5.45
2023-05-23 07:03:40,85.85,5.0,7.15
2023-05-23 07:04:00,86.2,4.75,5.6
2023-05-23 07:04:20,95.3,6.1,7.2
2023-05-23 07:04:40,108.55,8.15,6.5
2023-05-23 07:05:00,121.35,7.7,7.05
2023-05-23 07:05:20,139.0,9.7,6.35
2023-05-23 07:05:40,129.7,7.65,6.0
2023-05-23 07:06:00,82.5,4.25,6.8
2023-05-23 07:06:20,81.2,3.4,5.15
2023-05-23 07:06:40,83.15,3.5,5.4
2023-05-23 07:07:00,81.9,3.5,6.15
2023-05-23 07:07:20,82.75,4.6,5.65
2023-05-23 07:07:40,85.1,3.5,5.2
2023-05-23 07:08:00,87.7,4.2,5.55
2023-05-23 07:08:20,88.75,4.3,7.35
2023-05-23 07:08:40,88.7,4.2,5.35
2023-05-23 07:09:00,86.6,4.3,6.55
2023-05-23 07:09:20,89.0,4.2,5.65
2023-05-23 07:09:40,83.6,4.25,6.35
2023-05-23 07:10:00,86.45,4.7,6.35
2023-05-23 07:10:20,86.35,3.6,5.6
2023-05-23 07:10:40,86.7,4.2,6.35
2023-05-23 07:11:00,87.05,4.2,5.75
2023-05-23 07:11:20,90.2,4.05,4.8
2023-05-23 07:11:40,87.55,3.9,6.55
2023-05-23 07:12:00,89.95,4.25,5.55
2023-05-23 07:12:20,87.4,4.3,6.55
2023-05-23 07:12:40,85.9,4.3,6.2
2023-05-23 07:13:00,88.65,3.95,5.85
2023-05-23 07:13:20,83.85,4.2,5.5
2023-05-23 07:13:40,86.35,4.25,5.0
2023-05-23 07:14:00,89.25,4.45,5.45
2023-05-23 07:14:20,86.15,4.5,5.95
2023-05-23 07:14:40,83.1,4.15,6.85
2023-05-23 07:15:00,84.8,4.5,6.95
2023-05-23 07:15:20,82.3,4.5,5.85
2023-05-23 07:15:40,87.6,4.1,5.95
2023-05-23 07:16:00,87.05,4.25,6.55
2023-05-23 07:16:20,89.75,4.35,5.6
2023-05-23 07:16:40,87.3,4.1,5.6
2023-05-23 07:17:00,87.95,4.6,5.6
2023-05-23 07:17:20,86.4,3.75,5.5
2023-05-23 07:17:40,87.3,3.65,6.3
2023-05-23 07:18:00,88.75,4.6,7.05
2023-05-23 07:18:20,86.9,3.8,5.35
2023-05-23 07:18:40,87.35,3.3,5.55
2023-05-23 07:19:00,89.5,3.45,7.2
2023-05-23 07:19:20,85.75,4.4,6.35
2023-05-23 07:19:40,84.9,2.75,5.65
2023-05-23 07:20:00,89.2,3.7,6.0
2023-05-23 07:20:20,86.25,4.5,4.85
2023-05-23 07:20:40,87.3,4.1,5.75
2023-05-23 07:21:00,85.3,4.3,5.95
2023-05-23 07:21:20,89.15,4.35,5.65
2023-05-23 07:21:40,85.85,3.7,6.45
2023-05-23 07:22:00,84.0,3.2,5.55
2023-05-23 07:22:20,89.0,4.15,5.25
2023-05-23 07:22:40,85.05,4.5,6.7
2023-05-23 07:23:00,86.1,3.35,5.8
2023-05-23 07:23:20,84.75,4.35,6.0
2023-05-23 07:23:40,84.85,4.1,6.95
2023-05-23 07:24:00,83.35,3.85,5.25
2023-05-23 07:24:20,85.7,4.3,6.45
2023-05-23 07:24:40,86.2,4.15,6.9
2023-05-23 07:25:00,83.15,3.85,6.55
2023-05-23 07:25:20,87.65,3.65,6.3
2023-05-23 07:25:40,84.0,4.2,6.45
2023-05-23 07:26:00,85.2,2.95,7.2
2023-05-23 07:26:20,86.1,4.35,7.0
2023-05-23 07:26:40,80.1,4.9,5.15
2023-05-23 07:27:00,86.4,4.3,6.45
2023-05-23 07:27:20,85.75,3.35,5.45
2023-05-23 07:27:40,85.8,2.6,6.2
2023-05-23 07:28:00,85.4,3.15,5.45
2023-05-23 07:28:20,85.65,3.7,5.85
2023-05-23 07:28:40,86.15,3.5,5.9
2023-05-23 07:29:00,85.1,4.3,5.8
2023-05-23 07:29:20,85.6,4.25,5.7
2023-05-23 07:29:40,83.25,4.1,6.1
2023-05-23 07:30:00,81.4,3.0,6.35
2023-05-23 07:30:20,85.6,2.65,5.5
2023-05-23 07:30:40,79.35,4.8,5.6
2023-05-23 07:31:00,87.55,4.0,5.05
2023-05-23 07:31:20,84.75,3.05,5.45
2023-05-23 07:31:40,80.9,3.9,5.4
2023-05-23 07:32:00,88.45,3.8,5.05
2023-05-23 07:32:20,81.55,3.5,5.5
2023-05-23 07:32:40,80.75,3.6,7.3
2023-05-23 07:33:00,88.05,4.0,6.45
2023-05-23 07:33:20,79.0,3.85,7.1
2023-05-23 07:33:40,80.75,4.35,5.25
2023-05-23 07:34:00,83.55,3.5,5.2
2023-05-23 07:34:20,86.05,4.35,6.25
2023-05-23 07:34:40,87.45,4.65,4.95
2023-05-23 07:35:00,84.2,3.8,6.5
2023-05-23 07:35:20,79.9,4.05,5.95
2023-05-23 07:35:40,82.85,3.75,6.15
2023-05-23 07:36:00,83.4,3.6,6.65
2023-05-23 07:36:20,85.35,3.3,4.9
2023-05-23 07:36:40,84.6,4.2,5.0
2023-05-23 07:37:00,82.95,3.85,6.4
2023-05-23 07:37:20,81.8,4.95,5.3
2023-05-23 07:37:40,84.25,4.05,6.05
2023-05-23 07:38:00,83.05,3.9,5.7
2023-05-23 07:38:20,86.1,3.75,6.85
2023-05-23 07:38:40,82.3,4.3,6.1
2023-05-23 07:39:00,86.05,4.75,5.85
2023-05-23 07:39:20,85.3,3.85,5.45
2023-05-23 07:39:40,82.6,3.65,5.8
2023-05-23 07:40:00,83.7,3.35,5.4
2023-05-23 07:40:20,81.5,3.45,5.45
2023-05-23 07:40:40,83.35,4.25,5.8
2023-05-23 07:41:00,83.0,4.05,6.05
2023-05-23 07:41:20,84.05,3.7,5.6
2023-05-23 07:41:40,84.3,3.7,6.6
2023-05-23 07:42:00,86.9,4.55,5.1
2023-05-23 07:42:20,81.95,3.65,6.05
2023-05-23 07:42:40,84.35,3.65,5.85
2023-05-23 07:43:00,80.2,3.9,7.45
2023-05-23 07:43:20,80.55,3.85,6.3
2023-05-23 07:43:40,82.75,4.0,6.5
2023-05-23 07:44:00,82.3,3.55,5.55
2023-05-23 07:44:20,79.6,4.2,6.2
2023-05-23 07:44:40,79.35,4.4,5.5
2023-05-23 07:45:00,83.25,3.75,5.45
2023-05-23 07:45:20,81.1,3.85,5.8
2023-05-23 07:45:40,80.35,3.75,6.0
2023-05-23 07:46:00,82.5,3.4,7.1
2023-05-23 07:46:20,83.7,3.95,4.75
2023-05-23 07:46:40,80.8,4.5,5.55
2023-05-23 07:47:00,80.2,4.2,6.25
2023-05-23 07:47:20,79.8,3.15,6.85
2023-05-23 07:47:40,78.8,3.35,6.05
2023-05-23 07:48:00,82.6,3.65,5.55
2023-05-23 07:48:20,81.15,2.8,5.75
2023-05-23 07:48:40,80.2,3.6,6.45
2023-05-23 07:49:00,81.65,4.45,5.9
2023-05-23 07:49:20,80.1,3.4,6.2
2023-05-23 07:49:40,81.05,3.3,6.45
2023-05-23 07:50:00,79.35,3.75,5.15
2023-05-23 07:50:20,78.7,4.4,5.95
2023-05-23 07:50:40,75.55,4.4,6.55
2023-05-23 07:51:00,81.0,3.85,6.05
2023-05-23 07:51:20,77.5,2.9,5.75
2023-05-23 07:51:40,78.75,4.15,6.0
2023-05-23 07:52:00,79.3,3.75,6.0
2023-05-23 07:52:20,78.0,3.95,5.05
2023-05-23 07:52:40,75.35,3.65,5.35
2023-05-23 07:53:00,76.15,3.85,6.3
2023-05-23 07:53:20,74.3,3.75,5.25
2023-05-23 07:53:40,81.1,3.15,5.85
2023-05-23 07:54:00,76.9,3.65,6.1
2023-05-23 07:54:20,80.55,4.0,5.6
2023-05-23 07:54:40,74.65,4.15,6.25
2023-05-23 07:55:00,78.2,3.4,4.8
2023-05-23 07:55:20,77.0,3.0,6.45
2023-05-23 07:55:40,77.2,3.35,5.3
2023-05-23 07:56:00,77.25,3.65,6.25
2023-05-23 07:56:20,75.25,3.3,5.9
2023-05-23 07:56:40,77.55,4.0,6.2
2023-05-23 07:57:00,78.5,3.25,5.65
2023-05-23 07:57:20,76.35,3.25,6.3
2023-05-23 07:57:40,71.1,3.65,5.25
2023-05-23 07:58:00,77.65,4.45,6.2
2023-05-23 07:58:20,77.45,4.0,6.55
2023-05-23 07:58:40,78.6,3.85,5.85
2023-05-23 07:59:00,75.0,4.0,5.15
2023-05-23 07:59:20,77.55,3.65,6.15
2023-05-23 07:59:40,77.1,3.6,5.7
2023-05-23 08:00:00,76.35,3.75,6.0
2023-05-23 08:00:20,76.95,3.4,6.0
2023-05-23 08:00:40,72.6,3.45,5.7
2023-05-23 08:01:00,72.45,3.2,5.85
2023-05-23 08:01:20,77.35,4.5,6.8
2023-05-23 08:01:40,77.2,4.0,6.65
2023-05-23 08:02:00,75.7,4.3,5.25
2023-05-23 08:02:20,72.9,3.85,5.95
2023-05-23 08:02:40,71.5,4.9,5.7
2023-05-23 08:03:00,73.05,3.5,5.85
2023-05-23 08:03:20,71.95,4.55,5.7
2023-05-23 08:03:40,71.9,3.2,5.15
2023-05-23 08:04:00,73.4,3.8,6.0
2023-05-23 08:04:20,75.5,3.65,6.35
2023-05-23 08:04:40,73.5,3.95,6.05
2023-05-23 08:05:00,71.7,3.05,5.9
2023-05-23 08:05:20,71.85,2.85,5.6
2023-05-23 08:05:40,71.1,3.9,6.3
2023-05-23 08:06:00,73.7,3.65,6.65
2023-05-23 08:06:20,72.7,3.95,6.1
2023-05-23 08:06:40,73.3,3.6,6.25
2023-05-23 08:07:00,72.2,3.9,5.85
2023-05-23 08:07:20,71.5,3.3,5.65
2023-05-23 08:07:40,69.7,4.4,6.7
2023-05-23 08:08:00,74.1,3.65,5.7
2023-05-23 08:08:20,69.05,3.65,6.8
2023-05-23 08:08:40,68.0,4.0,6.6
2023-05-23 08:09:00,74.75,3.55,4.8
2023-05-23 08:09:20,71.7,3.3,5.85
2023-05-23 08:09:40,68.15,4.85,6.65
2023-05-23 08:10:00,70.5,3.75,5.3
2023-05-23 08:10:20,70.9,4.15,5.8
2023-05-23 08:10:40,69.05,3.45,6.35
2023-05-23 08:11:00,72.7,3.45,5.75
2023-05-23 08:11:20,68.7,3.45,5.65
2023-05-23 08:11:40,69.05,3.8,4.8
2023-05-23 08:12:00,72.25,4.05,5.55
2023-05-23 08:12:20,69.6,3.6,6.1
2023-05-23 08:12:40,71.0,4.15,6.1
2023-05-23 08:13:00,71.6,4.15,5.0
2023-05-23 08:13:20,68.45,3.9,5.65
2023-05-23 08:13:40,69.05,3.45,5.45
2023-05-23 08:14:00,70.5,4.15,6.75
2023-05-23 08:14:20,69.75,3.8,5.05
2023-05-23 08:14:40,69.45,4.9,6.4
2023-05-23 08:15:00,68.65,3.7,5.65
2023-05-23 08:15:20,69.75,3.85,6.75
2023-05-23 08:15:40,71.1,3.45,6.6
2023-05-23 08:16:00,70.1,3.25,5.9
2023-05-23 08:16:20,71.45,3.65,6.05
2023-05-23 08:16:40,69.15,3.45,5.95
2023-05-23 08:17:00,68.8,3.75,5.85
2023-05-23 08:17:20,68.15,3.35,5.0
2023-05-23 08:17:40,70.0,3.8,5.25
2023-05-23 08:18:00,70.55,3.5,5.5
2023-05-23 08:18:20,68.75,3.35,5.6
2023-05-23 08:18:40,68.05,3.45,5.15
2023-05-23 08:19:00,71.05,4.0,5.65
2023-05-23 08:19:20,68.9,3.95,5.55
2023-05-23 08:19:40,66.75,3.35,7.0
2023-05-23 08:20:00,64.7,3.6,4.85
2023-05-23 08:20:20,68.65,2.75,6.0
2023-05-23 08:20:40,68.2,3.85,6.4
2023-05-23 08:21:00,69.55,4.3,6.55
2023-05-23 08:21:20,68.95,4.0,5.7
2023-05-23 08:21:40,64.2,3.9,6.25
2023-05-23 08:22:00,68.1,3.8,5.5
2023-05-23 08:22:20,65.45,3.9,5.45
2023-05-23 08:22:40,67.25,4.0,5.35
2023-05-23 08:23:00,65.3,3.7,5.35
2023-05-23 08:23:20,67.25,2.75,6.1
2023-05-23 08:23:40,69.0,3.3,5.9
2023-05-23 08:24:00,68.3,3.2,4.95
2023-05-23 08:24:20,65.3,3.7,5.8
2023-05-23 08:24:40,66.9,3.85,5.15
2023-05-23 08:25:00,69.0,3.8,6.05
2023-05-23 08:25:20,67.0,3.5,5.45
2023-05-23 08:25:40,65.2,4.2,5.3
2023-05-23 08:26:00,65.5,3.7,5.8
2023-05-23 08:26:20,68.9,4.45,6.45
2023-05-23 08:26:40,66.1,3.4,6.1
2023-05-23 08:27:00,67.35,3.6,5.8
2023-05-23 08:27:20,64.35,3.95,6.65
2023-05-23 08:27:40,63.15,3.9,5.05
2023-05-23 08:28:00,66.6,3.65,6.5
2023-05-23 08:28:20,64.65,3.95,6.2
2023-05-23 08:28:40,66.8,3.85,6.0
2023-05-23 08:29:00,68.3,4.05,6.0
2023-05-23 08:29:20,66.05,3.5,5.45
2023-05-23 08:29:40,64.7,4.05,6.35
2023-05-23 08:30:00,64.6,4.6,5.8
2023-05-23 08:30:20,65.9,3.7,6.2
2023-05-23 08:30:40,64.4,3.55,6.25
2023-05-23 08:31:00,65.35,4.4,5.3
2023-05-23 08:31:20,66.15,3.95,5.95
2023-05-23 08:31:40,65.6,4.4,5.7
2023-05-23 08:32:00,64.15,4.1,7.35
2023-05-23 08:32:20,65.65,3.65,6.2
2023-05-23 08:32:40,63.0,3.55,5.4
2023-05-23 08:33:00,63.55,3.3,6.8
2023-05-23 08:33:20,67.05,3.65,5.4
2023-05-23 08:33:40,69.0,3.35,5.75
2023-05-23 08:34:00,66.1,4.05,5.9
2023-05-23 08:34:20,64.75,4.8,6.2
2023-05-23 08:34:40,62.85,4.05,6.2
2023-05-23 08:35:00,63.75,3.9,6.2
2023-05-23 08:35:20,65.1,4.25,4.9
2023-05-23 08:35:40,64.75,3.55,5.5
2023-05-23 08:36:00,59.95,3.25,6.2
2023-05-23 08:36:20,65.3,4.25,5.7
2023-05-23 08:36:40,63.05,3.3,6.3
2023-05-23 08:37:00,63.35,3.8,5.55
2023-05-23 08:37:20,64.4,3.9,6.5
2023-05-23 08:37:40,59.45,3.65,6.95
2023-05-23 08:38:00,67.35,4.6,7.15
2023-05-23 08:38:20,67.65,3.4,5.1
2023-05-23 08:38:40,64.75,4.0,6.25
2023-05-23 08:39:00,67.35,3.85,5.25
2023-05-23 08:39:20,62.45,4.1,6.7
2023-05-23 08:39:40,60.7,3.9,5.9
2023-05-23 08:40:00,64.75,3.45,5.5
2023-05-23 08:40:20,61.95,3.8,5.85
2023-05-23 08:40:40,62.8,3.75,6.1
2023-05-23 08:41:00,62.55,3.75,5.15
2023-05-23 08:41:20,62.0,4.25,6.25
2023-05-23 08:41:40,65.3,3.4,5.55
2023-05-23 08:42:00,63.7,2.8,5.8
2023-05-23 08:42:20,64.4,3.6,5.8
2023-05-23 08:42:40,64.0,3.35,5.95
2023-05-23 08:43:00,60.8,3.8,6.6
2023-05-23 08:43:20,61.05,4.05,5.75
2023-05-23 08:43:40,63.15,3.75,4.9
2023-05-23 08:44:00,64.9,3.55,5.65
2023-05-23 08:44:20,61.75,3.2,5.6
2023-05-23 08:44:40,61.55,3.85,5.6
2023-05-23 08:45:00,64.05,3.65,6.4
2023-05-23 08:45:20,62.8,4.25,6.1
2023-05-23 08:45:40,59.05,3.95,5.45
2023-05-23 08:46:00,63.3,3.6,5.65
2023-05-23 08:46:20,62.0,2.8,5.7
2023-05-23 08:46:40,63.3,4.45,5.75
2023-05-23 08:47:00,62.7,3.55,6.3
2023-05-23 08:47:20,61.4,5.1,7.1
2023-05-23 08:47:40,60.8,3.85,5.9
2023-05-23 08:48:00,62.75,3.75,5.6
2023-05-23 08:48:20,61.3,3.95,6.45
2023-05-23 08:48:40,61.45,3.6,6.55
2023-05-23 08:49:00,64.2,4.0,5.9
2023-05-23 08:49:20,63.1,3.95,5.5
2023-05-23 08:49:40,61.05,3.95,6.0
2023-05-23 08:50:00,62.9,4.1,4.5
2023-05-23 08:50:20,58.85,4.05,6.3
2023-05-23 08:50:40,60.3,4.05,5.25
2023-05-23 08:51:00,60.9,3.95,6.0
2023-05-23 08:51:20,64.05,3.55,5.65
2023-05-23 08:51:40,60.0,4.0,5.85
2023-05-23 08:52:00,63.15,3.85,5.5
2023-05-23 08:52:20,59.25,3.7,5.95
2023-05-23 08:52:40,59.2,4.35,5.35
2023-05-23 08:53:00,60.2,3.85,5.45
2023-05-23 08:53:20,63.05,3.5,6.1
2023-05-23 08:53:40,59.6,3.85,6.35
2023-05-23 08:54:00,62.1,3.8,6.05
2023-05-23 08:54:20,60.55,4.3,6.45
2023-05-23 08:54:40,61.4,2.85,6.25
2023-05-23 08:55:00,62.6,3.55,6.3
2023-05-23 08:55:20,60.65,4.3,5.7
2023-05-23 08:55:40,62.35,3.65,5.05
2023-05-23 08:56:00,58.75,4.65,5.5
2023-05-23 08:56:20,61.55,4.4,5.3
2023-05-23 08:56:40,62.7,4.05,5.8
2023-05-23 08:57:00,63.65,3.95,5.75
2023-05-23 08:57:20,60.15,4.25,5.8
2023-05-23 08:57:40,57.45,3.65,5.95
2023-05-23 08:58:00,60.9,3.3,5.1
2023-05-23 08:58:20,60.35,3.95,5.75
2023-05-23 08:58:40,59.8,4.0,5.4
2023-05-23 08:59:00,60.2,3.05,5.75
2023-05-23 08:59:20,60.35,3.5,5.55
2023-05-23 08:59:40,58.6,3.55,6.1
2023-05-23 09:00:00,57.15,4.2,5.7
2023-05-23 09:00:20,61.25,4.55,6.05
2023-05-23 09:00:40,59.05,3.95,5.8
2023-05-23 09:01:00,59.85,4.1,6.3
2023-05-23 09:01:20,60.5,3.9,5.45
2023-05-23 09:01:40,59.95,4.75,5.55
2023-05-23 09:02:00,56.6,4.5,5.6
2023-05-23 09:02:20,57.6,3.25,5.5
2023-05-23 09:02:40,60.8,3.85,5.15
2023-05-23 09:03:00,59.8,4.05,6.4
2023-05-23 09:03:20,59.45,4.2,6.05
2023-05-23 09:03:40,58.5,4.55,6.85
2023-05-23 09:04:00,54.6,3.95,5.4
2023-05-23 09:04:20,55.5,3.65,6.2
2023-05-23 09:04:40,60.1,3.5,6.1
2023-05-23 09:05:00,62.6,4.9,6.5
2023-05-23 09:05:20,59.9,4.0,6.1
2023-05-23 09:05:40,60.2,3.95,6.45
2023-05-23 09:06:00,58.3,3.6,5.15
2023-05-23 09:06:20,57.2,3.65,7.25
2023-05-23 09:06:40,57.65,3.6,6.2
2023-05-23 09:07:00,60.7,4.5,5.8
2023-05-23 09:07:20,55.3,3.6,5.65
2023-05-23 09:07:40,60.6,3.15,6.25
2023-05-23 09:08:00,58.35,3.65,6.05
2023-05-23 09:08:20,56.9,4.0,4.95
2023-05-23 09:08:40,58.7,3.95,5.85
2023-05-23 09:09:00,61.7,4.6,5.85
2023-05-23 09:09:20,60.3,3.2,5.65
2023-05-23 09:09:40,58.15,4.0,6.15
2023-05-23 09:10:00,59.6,3.5,6.15
2023-05-23 09:10:20,60.7,3.7,6.3
2023-05-23 09:10:40,59.25,3.75,6.0
2023-05-23 09:11:00,56.9,4.65,6.05
2023-05-23 09:11:20,56.8,3.55,5.25
2023-05-23 09:11:40,59.9,4.05,5.35
2023-05-23 09:12:00,60.6,3.65,5.6
2023-05-23 09:12:20,57.5,3.9,5.55
2023-05-23 09:12:40,60.25,3.2,6.1
2023-05-23 09:13:00,59.8,3.15,6.35
2023-05-23 09:13:20,58.6,4.2,6.3
2023-05-23 09:13:40,59.5,3.7,6.15
2023-05-23 09:14:00,59.0,3.45,6.15
2023-05-23 09:14:20,55.1,4.05,4.55
2023-05-23 09:14:40,58.2,3.45,4.85
2023-05-23 09:15:00,55.05,3.3,6.6
2023-05-23 09:15:20,59.3,4.0,5.65
2023-05-23 09:15:40,56.45,4.2,6.3
2023-05-23 09:16:00,56.7,4.6,5.9
2023-05-23 09:16:20,58.45,4.1,5.95
2023-05-23 09:16:40,57.1,3.25,5.55
2023-05-23 09:17:00,58.7,3.45,4.95
2023-05-23 09:17:20,61.45,4.0,5.95
2023-05-23 09:17:40,56.8,3.8,6.0
2023-05-23 09:18:00,57.65,2.7,6.2
2023-05-23 09:18:20,54.25,3.75,5.8
2023-05-23 09:18:40,57.5,3.65,6.25
2023-05-23 09:19:00,57.05,4.15,6.1
2023-05-23 09:19:20,56.7,3.75,6.6
2023-05-23 09:19:40,58.6,4.15,5.4
2023-05-23 09:20:00,58.95,3.45,5.55
2023-05-23 09:20:20,18.0,1.15,2.1
